file,line,type,commit,author,date,time,timezone,datetime,depth,length
style.css,1,css,829b25e1,MichaelColbath,2026-04-24,17:06:26,-07:00,2026-04-24T17:06:26-07:00,0,4
style.css,2,css,829b25e1,MichaelColbath,2026-04-24,17:06:26,-07:00,2026-04-24T17:06:26-07:00,1,44
style.css,3,css,829b25e1,MichaelColbath,2026-04-24,17:06:26,-07:00,2026-04-24T17:06:26-07:00,1,32
style.css,4,css,829b25e1,MichaelColbath,2026-04-24,17:06:26,-07:00,2026-04-24T17:06:26-07:00,1,17
style.css,5,css,829b25e1,MichaelColbath,2026-04-24,17:06:26,-07:00,2026-04-24T17:06:26-07:00,0,0
style.css,6,css,829b25e1,MichaelColbath,2026-04-24,17:06:26,-07:00,2026-04-24T17:06:26-07:00,0,0
style.css,7,css,829b25e1,MichaelColbath,2026-04-24,17:06:26,-07:00,2026-04-24T17:06:26-07:00,0,4
style.css,8,css,829b25e1,MichaelColbath,2026-04-24,17:06:26,-07:00,2026-04-24T17:06:26-07:00,1,43
style.css,9,css,829b25e1,MichaelColbath,2026-04-24,17:06:26,-07:00,2026-04-24T17:06:26-07:00,0,42
style.css,10,css,829b25e1,MichaelColbath,2026-04-24,17:06:26,-07:00,2026-04-24T17:06:26-07:00,0,0
style.css,11,css,829b25e1,MichaelColbath,2026-04-24,17:06:26,-07:00,2026-04-24T17:06:26-07:00,1,23
style.css,12,css,829b25e1,MichaelColbath,2026-04-24,17:06:26,-07:00,2026-04-24T17:06:26-07:00,1,15
style.css,13,css,829b25e1,MichaelColbath,2026-04-24,17:06:26,-07:00,2026-04-24T17:06:26-07:00,1,18
style.css,14,css,829b25e1,MichaelColbath,2026-04-24,17:06:26,-07:00,2026-04-24T17:06:26-07:00,1,16
style.css,15,css,829b25e1,MichaelColbath,2026-04-24,17:06:26,-07:00,2026-04-24T17:06:26-07:00,0,0
style.css,16,css,829b25e1,MichaelColbath,2026-04-24,17:06:26,-07:00,2026-04-24T17:06:26-07:00,0,0
style.css,17,css,829b25e1,MichaelColbath,2026-04-24,17:06:26,-07:00,2026-04-24T17:06:26-07:00,0,3
style.css,18,css,829b25e1,MichaelColbath,2026-04-24,17:06:26,-07:00,2026-04-24T17:06:26-07:00,1,39
style.css,19,css,829b25e1,MichaelColbath,2026-04-24,17:06:26,-07:00,2026-04-24T17:06:26-07:00,1,12
style.css,20,css,829b25e1,MichaelColbath,2026-04-24,17:06:26,-07:00,2026-04-24T17:06:26-07:00,1,14
style.css,21,css,829b25e1,MichaelColbath,2026-04-24,17:06:26,-07:00,2026-04-24T17:06:26-07:00,1,18
style.css,22,css,829b25e1,MichaelColbath,2026-04-24,17:06:26,-07:00,2026-04-24T17:06:26-07:00,1,23
style.css,23,css,829b25e1,MichaelColbath,2026-04-24,17:06:26,-07:00,2026-04-24T17:06:26-07:00,1,25
style.css,24,css,829b25e1,MichaelColbath,2026-04-24,17:06:26,-07:00,2026-04-24T17:06:26-07:00,1,39
style.css,25,css,829b25e1,MichaelColbath,2026-04-24,17:06:26,-07:00,2026-04-24T17:06:26-07:00,0,0
style.css,26,css,829b25e1,MichaelColbath,2026-04-24,17:06:26,-07:00,2026-04-24T17:06:26-07:00,1,6
style.css,27,css,829b25e1,MichaelColbath,2026-04-24,17:06:26,-07:00,2026-04-24T17:06:26-07:00,2,16
style.css,28,css,829b25e1,MichaelColbath,2026-04-24,17:06:26,-07:00,2026-04-24T17:06:26-07:00,1,0
style.css,29,css,829b25e1,MichaelColbath,2026-04-24,17:06:26,-07:00,2026-04-24T17:06:26-07:00,0,0
style.css,30,css,829b25e1,MichaelColbath,2026-04-24,17:06:26,-07:00,2026-04-24T17:06:26-07:00,0,0
style.css,31,css,829b25e1,MichaelColbath,2026-04-24,17:06:26,-07:00,2026-04-24T17:06:26-07:00,0,1
style.css,32,css,829b25e1,MichaelColbath,2026-04-24,17:06:26,-07:00,2026-04-24T17:06:26-07:00,1,6
style.css,33,css,829b25e1,MichaelColbath,2026-04-24,17:06:26,-07:00,2026-04-24T17:06:26-07:00,1,20
style.css,34,css,829b25e1,MichaelColbath,2026-04-24,17:06:26,-07:00,2026-04-24T17:06:26-07:00,1,13
style.css,35,css,829b25e1,MichaelColbath,2026-04-24,17:06:26,-07:00,2026-04-24T17:06:26-07:00,1,17
style.css,36,css,829b25e1,MichaelColbath,2026-04-24,17:06:26,-07:00,2026-04-24T17:06:26-07:00,1,18
style.css,37,css,829b25e1,MichaelColbath,2026-04-24,17:06:26,-07:00,2026-04-24T17:06:26-07:00,1,19
style.css,38,css,829b25e1,MichaelColbath,2026-04-24,17:06:26,-07:00,2026-04-24T17:06:26-07:00,0,0
style.css,39,css,829b25e1,MichaelColbath,2026-04-24,17:06:26,-07:00,2026-04-24T17:06:26-07:00,1,9
style.css,40,css,829b25e1,MichaelColbath,2026-04-24,17:06:26,-07:00,2026-04-24T17:06:26-07:00,2,16
style.css,41,css,829b25e1,MichaelColbath,2026-04-24,17:06:26,-07:00,2026-04-24T17:06:26-07:00,2,25
style.css,42,css,829b25e1,MichaelColbath,2026-04-24,17:06:26,-07:00,2026-04-24T17:06:26-07:00,2,25
style.css,43,css,829b25e1,MichaelColbath,2026-04-24,17:06:26,-07:00,2026-04-24T17:06:26-07:00,2,39
style.css,44,css,829b25e1,MichaelColbath,2026-04-24,17:06:26,-07:00,2026-04-24T17:06:26-07:00,1,0
style.css,45,css,829b25e1,MichaelColbath,2026-04-24,17:06:26,-07:00,2026-04-24T17:06:26-07:00,0,0
style.css,46,css,829b25e1,MichaelColbath,2026-04-24,17:06:26,-07:00,2026-04-24T17:06:26-07:00,1,7
style.css,47,css,829b25e1,MichaelColbath,2026-04-24,17:06:26,-07:00,2026-04-24T17:06:26-07:00,2,25
style.css,48,css,829b25e1,MichaelColbath,2026-04-24,17:06:26,-07:00,2026-04-24T17:06:26-07:00,2,25
style.css,49,css,829b25e1,MichaelColbath,2026-04-24,17:06:26,-07:00,2026-04-24T17:06:26-07:00,2,69
style.css,50,css,829b25e1,MichaelColbath,2026-04-24,17:06:26,-07:00,2026-04-24T17:06:26-07:00,2,39
style.css,51,css,829b25e1,MichaelColbath,2026-04-24,17:06:26,-07:00,2026-04-24T17:06:26-07:00,1,0
style.css,52,css,829b25e1,MichaelColbath,2026-04-24,17:06:26,-07:00,2026-04-24T17:06:26-07:00,0,0
style.css,53,css,829b25e1,MichaelColbath,2026-04-24,17:06:26,-07:00,2026-04-24T17:06:26-07:00,0,0
style.css,54,css,829b25e1,MichaelColbath,2026-04-24,17:06:26,-07:00,2026-04-24T17:06:26-07:00,0,4
style.css,55,css,829b25e1,MichaelColbath,2026-04-24,17:06:26,-07:00,2026-04-24T17:06:26-07:00,1,11
style.css,56,css,829b25e1,MichaelColbath,2026-04-24,17:06:26,-07:00,2026-04-24T17:06:26-07:00,1,30
style.css,57,css,829b25e1,MichaelColbath,2026-04-24,17:06:26,-07:00,2026-04-24T17:06:26-07:00,1,7
style.css,58,css,829b25e1,MichaelColbath,2026-04-24,17:06:26,-07:00,2026-04-24T17:06:26-07:00,0,0
style.css,59,css,829b25e1,MichaelColbath,2026-04-24,17:06:26,-07:00,2026-04-24T17:06:26-07:00,1,5
style.css,60,css,829b25e1,MichaelColbath,2026-04-24,17:06:26,-07:00,2026-04-24T17:06:26-07:00,2,12
style.css,61,css,829b25e1,MichaelColbath,2026-04-24,17:06:26,-07:00,2026-04-24T17:06:26-07:00,2,29
style.css,62,css,829b25e1,MichaelColbath,2026-04-24,17:06:26,-07:00,2026-04-24T17:06:26-07:00,2,18
style.css,63,css,829b25e1,MichaelColbath,2026-04-24,17:06:26,-07:00,2026-04-24T17:06:26-07:00,1,0
style.css,64,css,829b25e1,MichaelColbath,2026-04-24,17:06:26,-07:00,2026-04-24T17:06:26-07:00,0,0
style.css,65,css,829b25e1,MichaelColbath,2026-04-24,17:06:26,-07:00,2026-04-24T17:06:26-07:00,1,77
style.css,66,css,829b25e1,MichaelColbath,2026-04-24,17:06:26,-07:00,2026-04-24T17:06:26-07:00,1,6
style.css,67,css,829b25e1,MichaelColbath,2026-04-24,17:06:26,-07:00,2026-04-24T17:06:26-07:00,2,18
style.css,68,css,829b25e1,MichaelColbath,2026-04-24,17:06:26,-07:00,2026-04-24T17:06:26-07:00,1,0
style.css,69,css,829b25e1,MichaelColbath,2026-04-24,17:06:26,-07:00,2026-04-24T17:06:26-07:00,0,0
style.css,70,css,829b25e1,MichaelColbath,2026-04-24,17:06:26,-07:00,2026-04-24T17:06:26-07:00,0,0
style.css,71,css,829b25e1,MichaelColbath,2026-04-24,17:06:26,-07:00,2026-04-24T17:06:26-07:00,0,3
style.css,72,css,829b25e1,MichaelColbath,2026-04-24,17:06:26,-07:00,2026-04-24T17:06:26-07:00,1,10
style.css,73,css,829b25e1,MichaelColbath,2026-04-24,17:06:26,-07:00,2026-04-24T17:06:26-07:00,2,12
style.css,74,css,829b25e1,MichaelColbath,2026-04-24,17:06:26,-07:00,2026-04-24T17:06:26-07:00,2,58
style.css,75,css,829b25e1,MichaelColbath,2026-04-24,17:06:26,-07:00,2026-04-24T17:06:26-07:00,2,7
style.css,76,css,829b25e1,MichaelColbath,2026-04-24,17:06:26,-07:00,2026-04-24T17:06:26-07:00,0,0
style.css,77,css,829b25e1,MichaelColbath,2026-04-24,17:06:26,-07:00,2026-04-24T17:06:26-07:00,2,7
style.css,78,css,4d70f601,MichaelColbath,2026-04-29,20:11:50,-07:00,2026-04-29T20:11:50-07:00,3,12
style.css,79,css,4d70f601,MichaelColbath,2026-04-29,20:11:50,-07:00,2026-04-29T20:11:50-07:00,3,21
style.css,80,css,4d70f601,MichaelColbath,2026-04-29,20:11:50,-07:00,2026-04-29T20:11:50-07:00,3,11
style.css,81,css,4d70f601,MichaelColbath,2026-04-29,20:11:50,-07:00,2026-04-29T20:11:50-07:00,3,8
style.css,82,css,4d70f601,MichaelColbath,2026-04-29,20:11:50,-07:00,2026-04-29T20:11:50-07:00,3,13
style.css,83,css,4d70f601,MichaelColbath,2026-04-29,20:11:50,-07:00,2026-04-29T20:11:50-07:00,3,21
style.css,84,css,0bb5ba2d,MichaelColbath,2026-05-01,19:14:09,-07:00,2026-05-01T19:14:09-07:00,3,0
style.css,85,css,0bb5ba2d,MichaelColbath,2026-05-01,19:14:09,-07:00,2026-05-01T19:14:09-07:00,3,6
style.css,86,css,0bb5ba2d,MichaelColbath,2026-05-01,19:14:09,-07:00,2026-05-01T19:14:09-07:00,4,25
style.css,87,css,0bb5ba2d,MichaelColbath,2026-05-01,19:14:09,-07:00,2026-05-01T19:14:09-07:00,4,17
style.css,88,css,0bb5ba2d,MichaelColbath,2026-05-01,19:14:09,-07:00,2026-05-01T19:14:09-07:00,3,0
style.css,89,css,882182dc,MichaelColbath,2026-04-29,20:02:36,-07:00,2026-04-29T20:02:36-07:00,0,0
style.css,90,css,882182dc,MichaelColbath,2026-04-29,20:02:36,-07:00,2026-04-29T20:02:36-07:00,3,3
style.css,91,css,4d70f601,MichaelColbath,2026-04-29,20:11:50,-07:00,2026-04-29T20:11:50-07:00,4,13
style.css,92,css,4d70f601,MichaelColbath,2026-04-29,20:11:50,-07:00,2026-04-29T20:11:50-07:00,4,21
style.css,93,css,4d70f601,MichaelColbath,2026-04-29,20:11:50,-07:00,2026-04-29T20:11:50-07:00,4,14
style.css,94,css,4d70f601,MichaelColbath,2026-04-29,20:11:50,-07:00,2026-04-29T20:11:50-07:00,4,6
style.css,95,css,4d70f601,MichaelColbath,2026-04-29,20:11:50,-07:00,2026-04-29T20:11:50-07:00,4,12
style.css,96,css,882182dc,MichaelColbath,2026-04-29,20:02:36,-07:00,2026-04-29T20:02:36-07:00,3,0
style.css,97,css,882182dc,MichaelColbath,2026-04-29,20:02:36,-07:00,2026-04-29T20:02:36-07:00,2,0
style.css,98,css,882182dc,MichaelColbath,2026-04-29,20:02:36,-07:00,2026-04-29T20:02:36-07:00,0,0
style.css,99,css,882182dc,MichaelColbath,2026-04-29,20:02:36,-07:00,2026-04-29T20:02:36-07:00,2,22
style.css,100,css,882182dc,MichaelColbath,2026-04-29,20:02:36,-07:00,2026-04-29T20:02:36-07:00,3,9
style.css,101,css,882182dc,MichaelColbath,2026-04-29,20:02:36,-07:00,2026-04-29T20:02:36-07:00,4,8
style.css,102,css,882182dc,MichaelColbath,2026-04-29,20:02:36,-07:00,2026-04-29T20:02:36-07:00,4,90
style.css,103,css,882182dc,MichaelColbath,2026-04-29,20:02:36,-07:00,2026-04-29T20:02:36-07:00,3,0
style.css,104,css,829b25e1,MichaelColbath,2026-04-24,17:06:26,-07:00,2026-04-24T17:06:26-07:00,2,0
style.css,105,css,829b25e1,MichaelColbath,2026-04-24,17:06:26,-07:00,2026-04-24T17:06:26-07:00,0,0
style.css,106,css,4d70f601,MichaelColbath,2026-04-29,20:11:50,-07:00,2026-04-29T20:11:50-07:00,0,0
style.css,107,css,829b25e1,MichaelColbath,2026-04-24,17:06:26,-07:00,2026-04-24T17:06:26-07:00,1,0
style.css,108,css,829b25e1,MichaelColbath,2026-04-24,17:06:26,-07:00,2026-04-24T17:06:26-07:00,0,0
style.css,109,css,829b25e1,MichaelColbath,2026-04-24,17:06:26,-07:00,2026-04-24T17:06:26-07:00,1,14
style.css,110,css,829b25e1,MichaelColbath,2026-04-24,17:06:26,-07:00,2026-04-24T17:06:26-07:00,2,12
style.css,111,css,829b25e1,MichaelColbath,2026-04-24,17:06:26,-07:00,2026-04-24T17:06:26-07:00,2,36
style.css,112,css,829b25e1,MichaelColbath,2026-04-24,17:06:26,-07:00,2026-04-24T17:06:26-07:00,2,7
style.css,113,css,75f092e1,MichaelColbath,2026-04-24,17:22:50,-07:00,2026-04-24T17:22:50-07:00,2,69
style.css,114,css,829b25e1,MichaelColbath,2026-04-24,17:06:26,-07:00,2026-04-24T17:06:26-07:00,0,0
style.css,115,css,829b25e1,MichaelColbath,2026-04-24,17:06:26,-07:00,2026-04-24T17:06:26-07:00,2,14
style.css,116,css,829b25e1,MichaelColbath,2026-04-24,17:06:26,-07:00,2026-04-24T17:06:26-07:00,3,16
style.css,117,css,75f092e1,MichaelColbath,2026-04-24,17:22:50,-07:00,2026-04-24T17:22:50-07:00,3,69
style.css,118,css,829b25e1,MichaelColbath,2026-04-24,17:06:26,-07:00,2026-04-24T17:06:26-07:00,2,0
style.css,119,css,829b25e1,MichaelColbath,2026-04-24,17:06:26,-07:00,2026-04-24T17:06:26-07:00,0,0
style.css,120,css,829b25e1,MichaelColbath,2026-04-24,17:06:26,-07:00,2026-04-24T17:06:26-07:00,2,7
style.css,121,css,829b25e1,MichaelColbath,2026-04-24,17:06:26,-07:00,2026-04-24T17:06:26-07:00,3,12
style.css,122,css,829b25e1,MichaelColbath,2026-04-24,17:06:26,-07:00,2026-04-24T17:06:26-07:00,3,29
style.css,123,css,829b25e1,MichaelColbath,2026-04-24,17:06:26,-07:00,2026-04-24T17:06:26-07:00,3,18
style.css,124,css,829b25e1,MichaelColbath,2026-04-24,17:06:26,-07:00,2026-04-24T17:06:26-07:00,3,18
style.css,125,css,829b25e1,MichaelColbath,2026-04-24,17:06:26,-07:00,2026-04-24T17:06:26-07:00,3,19
style.css,126,css,829b25e1,MichaelColbath,2026-04-24,17:06:26,-07:00,2026-04-24T17:06:26-07:00,2,0
style.css,127,css,829b25e1,MichaelColbath,2026-04-24,17:06:26,-07:00,2026-04-24T17:06:26-07:00,1,0
style.css,128,css,829b25e1,MichaelColbath,2026-04-24,17:06:26,-07:00,2026-04-24T17:06:26-07:00,0,0
style.css,129,css,829b25e1,MichaelColbath,2026-04-24,17:06:26,-07:00,2026-04-24T17:06:26-07:00,0,0
style.css,130,css,829b25e1,MichaelColbath,2026-04-24,17:06:26,-07:00,2026-04-24T17:06:26-07:00,0,2
style.css,131,css,829b25e1,MichaelColbath,2026-04-24,17:06:26,-07:00,2026-04-24T17:06:26-07:00,1,14
style.css,132,css,829b25e1,MichaelColbath,2026-04-24,17:06:26,-07:00,2026-04-24T17:06:26-07:00,0,0
style.css,133,css,829b25e1,MichaelColbath,2026-04-24,17:06:26,-07:00,2026-04-24T17:06:26-07:00,0,0
style.css,134,css,829b25e1,MichaelColbath,2026-04-24,17:06:26,-07:00,2026-04-24T17:06:26-07:00,0,22
style.css,135,css,829b25e1,MichaelColbath,2026-04-24,17:06:26,-07:00,2026-04-24T17:06:26-07:00,1,15
style.css,136,css,829b25e1,MichaelColbath,2026-04-24,17:06:26,-07:00,2026-04-24T17:06:26-07:00,1,17
style.css,137,css,829b25e1,MichaelColbath,2026-04-24,17:06:26,-07:00,2026-04-24T17:06:26-07:00,0,0
style.css,138,css,829b25e1,MichaelColbath,2026-04-24,17:06:26,-07:00,2026-04-24T17:06:26-07:00,0,0
style.css,139,css,829b25e1,MichaelColbath,2026-04-24,17:06:26,-07:00,2026-04-24T17:06:26-07:00,0,5
style.css,140,css,829b25e1,MichaelColbath,2026-04-24,17:06:26,-07:00,2026-04-24T17:06:26-07:00,1,14
style.css,141,css,829b25e1,MichaelColbath,2026-04-24,17:06:26,-07:00,2026-04-24T17:06:26-07:00,2,17
style.css,142,css,829b25e1,MichaelColbath,2026-04-24,17:06:26,-07:00,2026-04-24T17:06:26-07:00,2,8
style.css,143,css,829b25e1,MichaelColbath,2026-04-24,17:06:26,-07:00,2026-04-24T17:06:26-07:00,2,10
style.css,144,css,829b25e1,MichaelColbath,2026-04-24,17:06:26,-07:00,2026-04-24T17:06:26-07:00,2,19
style.css,145,css,829b25e1,MichaelColbath,2026-04-24,17:06:26,-07:00,2026-04-24T17:06:26-07:00,2,13
style.css,146,css,829b25e1,MichaelColbath,2026-04-24,17:06:26,-07:00,2026-04-24T17:06:26-07:00,1,0
style.css,147,css,829b25e1,MichaelColbath,2026-04-24,17:06:26,-07:00,2026-04-24T17:06:26-07:00,0,0
style.css,148,css,829b25e1,MichaelColbath,2026-04-24,17:06:26,-07:00,2026-04-24T17:06:26-07:00,0,6
style.css,149,css,829b25e1,MichaelColbath,2026-04-24,17:06:26,-07:00,2026-04-24T17:06:26-07:00,1,13
style.css,150,css,829b25e1,MichaelColbath,2026-04-24,17:06:26,-07:00,2026-04-24T17:06:26-07:00,0,0
style.css,151,css,8d37f2b5,MichaelColbath,2026-04-29,19:23:01,-07:00,2026-04-29T19:23:01-07:00,0,0
style.css,152,css,8d37f2b5,MichaelColbath,2026-04-29,19:23:01,-07:00,2026-04-29T19:23:01-07:00,0,2
style.css,153,css,8d37f2b5,MichaelColbath,2026-04-29,19:23:01,-07:00,2026-04-29T19:23:01-07:00,1,11
style.css,154,css,882182dc,MichaelColbath,2026-04-29,20:02:36,-07:00,2026-04-29T20:02:36-07:00,1,37
style.css,155,css,8d37f2b5,MichaelColbath,2026-04-29,19:23:01,-07:00,2026-04-29T19:23:01-07:00,1,7
style.css,156,css,882182dc,MichaelColbath,2026-04-29,20:02:36,-07:00,2026-04-29T20:02:36-07:00,1,19
style.css,157,css,8d37f2b5,MichaelColbath,2026-04-29,19:23:01,-07:00,2026-04-29T19:23:01-07:00,0,0
style.css,158,css,8d37f2b5,MichaelColbath,2026-04-29,19:23:01,-07:00,2026-04-29T19:23:01-07:00,1,2
style.css,159,css,8d37f2b5,MichaelColbath,2026-04-29,19:23:01,-07:00,2026-04-29T19:23:01-07:00,2,12
style.css,160,css,8d37f2b5,MichaelColbath,2026-04-29,19:23:01,-07:00,2026-04-29T19:23:01-07:00,2,29
style.css,161,css,882182dc,MichaelColbath,2026-04-29,20:02:36,-07:00,2026-04-29T20:02:36-07:00,2,10
style.css,162,css,882182dc,MichaelColbath,2026-04-29,20:02:36,-07:00,2026-04-29T20:02:36-07:00,2,19
style.css,163,css,882182dc,MichaelColbath,2026-04-29,20:02:36,-07:00,2026-04-29T20:02:36-07:00,2,15
style.css,164,css,8d37f2b5,MichaelColbath,2026-04-29,19:23:01,-07:00,2026-04-29T19:23:01-07:00,1,0
style.css,165,css,8d37f2b5,MichaelColbath,2026-04-29,19:23:01,-07:00,2026-04-29T19:23:01-07:00,0,0
style.css,166,css,8d37f2b5,MichaelColbath,2026-04-29,19:23:01,-07:00,2026-04-29T19:23:01-07:00,1,2
style.css,167,css,882182dc,MichaelColbath,2026-04-29,20:02:36,-07:00,2026-04-29T20:02:36-07:00,2,12
style.css,168,css,882182dc,MichaelColbath,2026-04-29,20:02:36,-07:00,2026-04-29T20:02:36-07:00,2,10
style.css,169,css,882182dc,MichaelColbath,2026-04-29,20:02:36,-07:00,2026-04-29T20:02:36-07:00,2,15
style.css,170,css,8d37f2b5,MichaelColbath,2026-04-29,19:23:01,-07:00,2026-04-29T19:23:01-07:00,2,14
style.css,171,css,882182dc,MichaelColbath,2026-04-29,20:02:36,-07:00,2026-04-29T20:02:36-07:00,2,19
style.css,172,css,8d37f2b5,MichaelColbath,2026-04-29,19:23:01,-07:00,2026-04-29T19:23:01-07:00,1,0
style.css,173,css,0bb5ba2d,MichaelColbath,2026-05-01,19:14:09,-07:00,2026-05-01T19:14:09-07:00,0,0
style.css,174,css,0bb5ba2d,MichaelColbath,2026-05-01,19:14:09,-07:00,2026-05-01T19:14:09-07:00,0,0
style.css,175,css,0bb5ba2d,MichaelColbath,2026-05-01,19:14:09,-07:00,2026-05-01T19:14:09-07:00,0,18
style.css,176,css,0bb5ba2d,MichaelColbath,2026-05-01,19:14:09,-07:00,2026-05-01T19:14:09-07:00,1,14
style.css,177,css,0bb5ba2d,MichaelColbath,2026-05-01,19:14:09,-07:00,2026-05-01T19:14:09-07:00,1,16
style.css,178,css,0bb5ba2d,MichaelColbath,2026-05-01,19:14:09,-07:00,2026-05-01T19:14:09-07:00,1,8
style.css,179,css,0bb5ba2d,MichaelColbath,2026-05-01,19:14:09,-07:00,2026-05-01T19:14:09-07:00,1,13
style.css,180,css,0bb5ba2d,MichaelColbath,2026-05-01,19:14:09,-07:00,2026-05-01T19:14:09-07:00,1,15
style.css,181,css,0bb5ba2d,MichaelColbath,2026-05-01,19:14:09,-07:00,2026-05-01T19:14:09-07:00,0,0
style.css,182,css,0bb5ba2d,MichaelColbath,2026-05-01,19:14:09,-07:00,2026-05-01T19:14:09-07:00,0,0
style.css,183,css,0bb5ba2d,MichaelColbath,2026-05-01,19:14:09,-07:00,2026-05-01T19:14:09-07:00,0,4
style.css,184,css,0bb5ba2d,MichaelColbath,2026-05-01,19:14:09,-07:00,2026-05-01T19:14:09-07:00,1,19
style.css,185,css,0bb5ba2d,MichaelColbath,2026-05-01,19:14:09,-07:00,2026-05-01T19:14:09-07:00,1,8
style.css,186,css,0bb5ba2d,MichaelColbath,2026-05-01,19:14:09,-07:00,2026-05-01T19:14:09-07:00,2,11
style.css,187,css,0bb5ba2d,MichaelColbath,2026-05-01,19:14:09,-07:00,2026-05-01T19:14:09-07:00,2,10
style.css,188,css,0bb5ba2d,MichaelColbath,2026-05-01,19:14:09,-07:00,2026-05-01T19:14:09-07:00,2,18
style.css,189,css,0bb5ba2d,MichaelColbath,2026-05-01,19:14:09,-07:00,2026-05-01T19:14:09-07:00,2,29
style.css,190,css,0bb5ba2d,MichaelColbath,2026-05-01,19:14:09,-07:00,2026-05-01T19:14:09-07:00,2,17
style.css,191,css,0bb5ba2d,MichaelColbath,2026-05-01,19:14:09,-07:00,2026-05-01T19:14:09-07:00,1,0
style.css,192,css,0bb5ba2d,MichaelColbath,2026-05-01,19:14:09,-07:00,2026-05-01T19:14:09-07:00,0,0
style.css,193,css,0bb5ba2d,MichaelColbath,2026-05-01,19:14:09,-07:00,2026-05-01T19:14:09-07:00,0,0
style.css,194,css,0bb5ba2d,MichaelColbath,2026-05-01,19:14:09,-07:00,2026-05-01T19:14:09-07:00,0,7
style.css,195,css,0bb5ba2d,MichaelColbath,2026-05-01,19:14:09,-07:00,2026-05-01T19:14:09-07:00,2,14
style.css,196,css,0bb5ba2d,MichaelColbath,2026-05-01,19:14:09,-07:00,2026-05-01T19:14:09-07:00,2,12
style.css,197,css,0bb5ba2d,MichaelColbath,2026-05-01,19:14:09,-07:00,2026-05-01T19:14:09-07:00,2,57
style.css,198,css,0bb5ba2d,MichaelColbath,2026-05-01,19:14:09,-07:00,2026-05-01T19:14:09-07:00,2,18
style.css,199,css,0bb5ba2d,MichaelColbath,2026-05-01,19:14:09,-07:00,2026-05-01T19:14:09-07:00,2,65
style.css,200,css,0bb5ba2d,MichaelColbath,2026-05-01,19:14:09,-07:00,2026-05-01T19:14:09-07:00,2,10
style.css,201,css,0bb5ba2d,MichaelColbath,2026-05-01,19:14:09,-07:00,2026-05-01T19:14:09-07:00,2,6
style.css,202,css,0bb5ba2d,MichaelColbath,2026-05-01,19:14:09,-07:00,2026-05-01T19:14:09-07:00,2,13
style.css,203,css,0bb5ba2d,MichaelColbath,2026-05-01,19:14:09,-07:00,2026-05-01T19:14:09-07:00,0,0
style.css,204,css,0bb5ba2d,MichaelColbath,2026-05-01,19:14:09,-07:00,2026-05-01T19:14:09-07:00,2,19
style.css,205,css,0bb5ba2d,MichaelColbath,2026-05-01,19:14:09,-07:00,2026-05-01T19:14:09-07:00,3,26
style.css,206,css,0bb5ba2d,MichaelColbath,2026-05-01,19:14:09,-07:00,2026-05-01T19:14:09-07:00,3,12
style.css,207,css,0bb5ba2d,MichaelColbath,2026-05-01,19:14:09,-07:00,2026-05-01T19:14:09-07:00,3,18
style.css,208,css,0bb5ba2d,MichaelColbath,2026-05-01,19:14:09,-07:00,2026-05-01T19:14:09-07:00,3,9
style.css,209,css,0bb5ba2d,MichaelColbath,2026-05-01,19:14:09,-07:00,2026-05-01T19:14:09-07:00,3,16
style.css,210,css,0bb5ba2d,MichaelColbath,2026-05-01,19:14:09,-07:00,2026-05-01T19:14:09-07:00,3,19
style.css,211,css,0bb5ba2d,MichaelColbath,2026-05-01,19:14:09,-07:00,2026-05-01T19:14:09-07:00,2,0
style.css,212,css,0bb5ba2d,MichaelColbath,2026-05-01,19:14:09,-07:00,2026-05-01T19:14:09-07:00,0,0
style.css,213,css,0bb5ba2d,MichaelColbath,2026-05-01,19:14:09,-07:00,2026-05-01T19:14:09-07:00,0,0
style.css,214,css,0bb5ba2d,MichaelColbath,2026-05-01,19:14:09,-07:00,2026-05-01T19:14:09-07:00,0,13
style.css,215,css,0bb5ba2d,MichaelColbath,2026-05-01,19:14:09,-07:00,2026-05-01T19:14:09-07:00,1,12
style.css,216,css,0bb5ba2d,MichaelColbath,2026-05-01,19:14:09,-07:00,2026-05-01T19:14:09-07:00,1,18
style.css,217,css,0bb5ba2d,MichaelColbath,2026-05-01,19:14:09,-07:00,2026-05-01T19:14:09-07:00,0,0
style.css,218,css,90543881,MichaelColbath,2026-05-01,19:57:19,-07:00,2026-05-01T19:57:19-07:00,0,0
style.css,219,css,90543881,MichaelColbath,2026-05-01,19:57:19,-07:00,2026-05-01T19:57:19-07:00,0,3
style.css,220,css,90543881,MichaelColbath,2026-05-01,19:57:19,-07:00,2026-05-01T19:57:19-07:00,1,17
style.css,221,css,90543881,MichaelColbath,2026-05-01,19:57:19,-07:00,2026-05-01T19:57:19-07:00,2,16
style.css,222,css,90543881,MichaelColbath,2026-05-01,19:57:19,-07:00,2026-05-01T19:57:19-07:00,3,11
style.css,223,css,90543881,MichaelColbath,2026-05-01,19:57:19,-07:00,2026-05-01T19:57:19-07:00,2,0
style.css,224,css,90543881,MichaelColbath,2026-05-01,19:57:19,-07:00,2026-05-01T19:57:19-07:00,1,0
style.css,225,css,90543881,MichaelColbath,2026-05-01,19:57:19,-07:00,2026-05-01T19:57:19-07:00,0,0
style.css,226,css,90543881,MichaelColbath,2026-05-01,19:57:19,-07:00,2026-05-01T19:57:19-07:00,0,0
style.css,227,css,90543881,MichaelColbath,2026-05-01,19:57:19,-07:00,2026-05-01T19:57:19-07:00,0,4
style.css,228,css,90543881,MichaelColbath,2026-05-01,19:57:19,-07:00,2026-05-01T19:57:19-07:00,1,16
style.css,229,css,90543881,MichaelColbath,2026-05-01,19:57:19,-07:00,2026-05-01T19:57:19-07:00,1,14
style.css,230,css,90543881,MichaelColbath,2026-05-01,19:57:19,-07:00,2026-05-01T19:57:19-07:00,0,0
style.css,231,css,90543881,MichaelColbath,2026-05-01,19:57:19,-07:00,2026-05-01T19:57:19-07:00,0,0
style.css,232,css,90543881,MichaelColbath,2026-05-01,19:57:19,-07:00,2026-05-01T19:57:19-07:00,0,9
style.css,233,css,90543881,MichaelColbath,2026-05-01,19:57:19,-07:00,2026-05-01T19:57:19-07:00,1,35
style.css,234,css,90543881,MichaelColbath,2026-05-01,19:57:19,-07:00,2026-05-01T19:57:19-07:00,0,0
style.css,235,css,90543881,MichaelColbath,2026-05-01,19:57:19,-07:00,2026-05-01T19:57:19-07:00,1,10
style.css,236,css,90543881,MichaelColbath,2026-05-01,19:57:19,-07:00,2026-05-01T19:57:19-07:00,2,17
style.css,237,css,90543881,MichaelColbath,2026-05-01,19:57:19,-07:00,2026-05-01T19:57:19-07:00,1,0
style.css,238,css,90543881,MichaelColbath,2026-05-01,19:57:19,-07:00,2026-05-01T19:57:19-07:00,0,0
index.js,1,js,8d37f2b5,MichaelColbath,2026-04-29,19:23:01,-07:00,2026-04-29T19:23:01-07:00,0,71
index.js,2,js,a7aff8bc,MichaelColbath,2026-04-29,19:08:08,-07:00,2026-04-29T19:08:08-07:00,0,0
index.js,3,js,8d37f2b5,MichaelColbath,2026-04-29,19:23:01,-07:00,2026-04-29T19:23:01-07:00,0,52
index.js,4,js,a7aff8bc,MichaelColbath,2026-04-29,19:08:08,-07:00,2026-04-29T19:08:08-07:00,0,42
index.js,5,js,a7aff8bc,MichaelColbath,2026-04-29,19:08:08,-07:00,2026-04-29T19:08:08-07:00,0,0
index.js,6,js,a7aff8bc,MichaelColbath,2026-04-29,19:08:08,-07:00,2026-04-29T19:08:08-07:00,0,60
index.js,7,js,a7aff8bc,MichaelColbath,2026-04-29,19:08:08,-07:00,2026-04-29T19:08:08-07:00,0,0
index.js,8,js,8d37f2b5,MichaelColbath,2026-04-29,19:23:01,-07:00,2026-04-29T19:23:01-07:00,0,54
index.js,9,js,8d37f2b5,MichaelColbath,2026-04-29,19:23:01,-07:00,2026-04-29T19:23:01-07:00,0,0
index.js,10,js,a7aff8bc,MichaelColbath,2026-04-29,19:08:08,-07:00,2026-04-29T19:08:08-07:00,0,0
index.js,11,js,a7aff8bc,MichaelColbath,2026-04-29,19:08:08,-07:00,2026-04-29T19:08:08-07:00,0,58
index.js,12,js,a7aff8bc,MichaelColbath,2026-04-29,19:08:08,-07:00,2026-04-29T19:08:08-07:00,0,0
index.js,13,js,a7aff8bc,MichaelColbath,2026-04-29,19:08:08,-07:00,2026-04-29T19:08:08-07:00,0,60
index.js,14,js,a7aff8bc,MichaelColbath,2026-04-29,19:08:08,-07:00,2026-04-29T19:08:08-07:00,0,0
index.js,15,js,a7aff8bc,MichaelColbath,2026-04-29,19:08:08,-07:00,2026-04-29T19:08:08-07:00,0,17
index.js,16,js,a7aff8bc,MichaelColbath,2026-04-29,19:08:08,-07:00,2026-04-29T19:08:08-07:00,1,24
index.js,17,js,a7aff8bc,MichaelColbath,2026-04-29,19:08:08,-07:00,2026-04-29T19:08:08-07:00,4,2
index.js,18,js,8d37f2b5,MichaelColbath,2026-04-29,19:23:01,-07:00,2026-04-29T19:23:01-07:00,5,54
index.js,19,js,8d37f2b5,MichaelColbath,2026-04-29,19:23:01,-07:00,2026-04-29T19:23:01-07:00,5,54
index.js,20,js,8d37f2b5,MichaelColbath,2026-04-29,19:23:01,-07:00,2026-04-29T19:23:01-07:00,5,48
index.js,21,js,8d37f2b5,MichaelColbath,2026-04-29,19:23:01,-07:00,2026-04-29T19:23:01-07:00,5,48
index.js,22,js,a7aff8bc,MichaelColbath,2026-04-29,19:08:08,-07:00,2026-04-29T19:08:08-07:00,4,3
index.js,23,js,a7aff8bc,MichaelColbath,2026-04-29,19:08:08,-07:00,2026-04-29T19:08:08-07:00,2,0
index.js,24,js,8d37f2b5,MichaelColbath,2026-04-29,19:23:01,-07:00,2026-04-29T19:23:01-07:00,0,0
index.html,1,html,829b25e1,MichaelColbath,2026-04-24,17:06:26,-07:00,2026-04-24T17:06:26-07:00,0,13
index.html,2,html,829b25e1,MichaelColbath,2026-04-24,17:06:26,-07:00,2026-04-24T17:06:26-07:00,0,14
index.html,3,html,829b25e1,MichaelColbath,2026-04-24,17:06:26,-07:00,2026-04-24T17:06:26-07:00,0,4
index.html,4,html,829b25e1,MichaelColbath,2026-04-24,17:06:26,-07:00,2026-04-24T17:06:26-07:00,2,20
index.html,5,html,829b25e1,MichaelColbath,2026-04-24,17:06:26,-07:00,2026-04-24T17:06:26-07:00,2,68
index.html,6,html,829b25e1,MichaelColbath,2026-04-24,17:06:26,-07:00,2026-04-24T17:06:26-07:00,2,55
index.html,7,html,829b25e1,MichaelColbath,2026-04-24,17:06:26,-07:00,2026-04-24T17:06:26-07:00,2,38
index.html,8,html,829b25e1,MichaelColbath,2026-04-24,17:06:26,-07:00,2026-04-24T17:06:26-07:00,2,45
index.html,9,html,8d37f2b5,MichaelColbath,2026-04-29,19:23:01,-07:00,2026-04-29T19:23:01-07:00,2,50
index.html,10,html,829b25e1,MichaelColbath,2026-04-24,17:06:26,-07:00,2026-04-24T17:06:26-07:00,0,5
index.html,11,html,829b25e1,MichaelColbath,2026-04-24,17:06:26,-07:00,2026-04-24T17:06:26-07:00,0,4
index.html,12,html,829b25e1,MichaelColbath,2026-04-24,17:06:26,-07:00,2026-04-24T17:06:26-07:00,2,20
index.html,13,html,829b25e1,MichaelColbath,2026-04-24,17:06:26,-07:00,2026-04-24T17:06:26-07:00,2,123
index.html,14,html,829b25e1,MichaelColbath,2026-04-24,17:06:26,-07:00,2026-04-24T17:06:26-07:00,2,113
index.html,15,html,a816a167,MichaelColbath,2026-04-29,20:44:49,-07:00,2026-04-29T20:44:49-07:00,2,22
index.html,16,html,a816a167,MichaelColbath,2026-04-29,20:44:49,-07:00,2026-04-29T20:44:49-07:00,2,28
index.html,17,html,a7aff8bc,MichaelColbath,2026-04-29,19:08:08,-07:00,2026-04-29T19:08:08-07:00,2,22
index.html,18,html,8d37f2b5,MichaelColbath,2026-04-29,19:23:01,-07:00,2026-04-29T19:23:01-07:00,2,26
index.html,19,html,829b25e1,MichaelColbath,2026-04-24,17:06:26,-07:00,2026-04-24T17:06:26-07:00,0,5
index.html,20,html,829b25e1,MichaelColbath,2026-04-24,17:06:26,-07:00,2026-04-24T17:06:26-07:00,0,5
global.js,1,js,829b25e1,MichaelColbath,2026-04-24,17:06:26,-07:00,2026-04-24T17:06:26-07:00,0,25
global.js,2,js,829b25e1,MichaelColbath,2026-04-24,17:06:26,-07:00,2026-04-24T17:06:26-07:00,0,0
global.js,3,js,829b25e1,MichaelColbath,2026-04-24,17:06:26,-07:00,2026-04-24T17:06:26-07:00,0,41
global.js,4,js,829b25e1,MichaelColbath,2026-04-24,17:06:26,-07:00,2026-04-24T17:06:26-07:00,1,52
global.js,5,js,829b25e1,MichaelColbath,2026-04-24,17:06:26,-07:00,2026-04-24T17:06:26-07:00,0,0
global.js,6,js,829b25e1,MichaelColbath,2026-04-24,17:06:26,-07:00,2026-04-24T17:06:26-07:00,0,0
global.js,7,js,829b25e1,MichaelColbath,2026-04-24,17:06:26,-07:00,2026-04-24T17:06:26-07:00,0,88
global.js,8,js,829b25e1,MichaelColbath,2026-04-24,17:06:26,-07:00,2026-04-24T17:06:26-07:00,1,36
global.js,9,js,829b25e1,MichaelColbath,2026-04-24,17:06:26,-07:00,2026-04-24T17:06:26-07:00,1,55
global.js,10,js,829b25e1,MichaelColbath,2026-04-24,17:06:26,-07:00,2026-04-24T17:06:26-07:00,0,0
global.js,11,js,829b25e1,MichaelColbath,2026-04-24,17:06:26,-07:00,2026-04-24T17:06:26-07:00,0,11
global.js,12,js,829b25e1,MichaelColbath,2026-04-24,17:06:26,-07:00,2026-04-24T17:06:26-07:00,1,25
global.js,13,js,829b25e1,MichaelColbath,2026-04-24,17:06:26,-07:00,2026-04-24T17:06:26-07:00,1,38
global.js,14,js,829b25e1,MichaelColbath,2026-04-24,17:06:26,-07:00,2026-04-24T17:06:26-07:00,1,36
global.js,15,js,829b25e1,MichaelColbath,2026-04-24,17:06:26,-07:00,2026-04-24T17:06:26-07:00,1,34
global.js,16,js,00000000,Not Committed Yet,2026-05-08,16:13:01,-07:00,2026-05-08T16:13:01-07:00,1,30
global.js,17,js,829b25e1,MichaelColbath,2026-04-24,17:06:26,-07:00,2026-04-24T17:06:26-07:00,1,70
global.js,18,js,829b25e1,MichaelColbath,2026-04-24,17:06:26,-07:00,2026-04-24T17:06:26-07:00,1,32
global.js,19,js,829b25e1,MichaelColbath,2026-04-24,17:06:26,-07:00,2026-04-24T17:06:26-07:00,0,0
global.js,20,js,829b25e1,MichaelColbath,2026-04-24,17:06:26,-07:00,2026-04-24T17:06:26-07:00,0,0
global.js,21,js,829b25e1,MichaelColbath,2026-04-24,17:06:26,-07:00,2026-04-24T17:06:26-07:00,0,38
global.js,22,js,829b25e1,MichaelColbath,2026-04-24,17:06:26,-07:00,2026-04-24T17:06:26-07:00,0,25
global.js,23,js,829b25e1,MichaelColbath,2026-04-24,17:06:26,-07:00,2026-04-24T17:06:26-07:00,0,0
global.js,24,js,829b25e1,MichaelColbath,2026-04-24,17:06:26,-07:00,2026-04-24T17:06:26-07:00,0,20
global.js,25,js,829b25e1,MichaelColbath,2026-04-24,17:06:26,-07:00,2026-04-24T17:06:26-07:00,1,14
global.js,26,js,829b25e1,MichaelColbath,2026-04-24,17:06:26,-07:00,2026-04-24T17:06:26-07:00,1,28
global.js,27,js,829b25e1,MichaelColbath,2026-04-24,17:06:26,-07:00,2026-04-24T17:06:26-07:00,2,20
global.js,28,js,829b25e1,MichaelColbath,2026-04-24,17:06:26,-07:00,2026-04-24T17:06:26-07:00,1,0
global.js,29,js,829b25e1,MichaelColbath,2026-04-24,17:06:26,-07:00,2026-04-24T17:06:26-07:00,1,18
global.js,30,js,829b25e1,MichaelColbath,2026-04-24,17:06:26,-07:00,2026-04-24T17:06:26-07:00,1,34
global.js,31,js,829b25e1,MichaelColbath,2026-04-24,17:06:26,-07:00,2026-04-24T17:06:26-07:00,1,11
global.js,32,js,829b25e1,MichaelColbath,2026-04-24,17:06:26,-07:00,2026-04-24T17:06:26-07:00,1,20
global.js,33,js,829b25e1,MichaelColbath,2026-04-24,17:06:26,-07:00,2026-04-24T17:06:26-07:00,1,65
global.js,34,js,829b25e1,MichaelColbath,2026-04-24,17:06:26,-07:00,2026-04-24T17:06:26-07:00,2,25
global.js,35,js,829b25e1,MichaelColbath,2026-04-24,17:06:26,-07:00,2026-04-24T17:06:26-07:00,1,0
global.js,36,js,ed8defbd,MichaelColbath,2026-04-24,17:34:11,-07:00,2026-04-24T17:34:11-07:00,1,59
global.js,37,js,829b25e1,MichaelColbath,2026-04-24,17:06:26,-07:00,2026-04-24T17:06:26-07:00,2,18
global.js,38,js,829b25e1,MichaelColbath,2026-04-24,17:06:26,-07:00,2026-04-24T17:06:26-07:00,1,0
global.js,39,js,829b25e1,MichaelColbath,2026-04-24,17:06:26,-07:00,2026-04-24T17:06:26-07:00,1,12
global.js,40,js,829b25e1,MichaelColbath,2026-04-24,17:06:26,-07:00,2026-04-24T17:06:26-07:00,0,0
global.js,41,js,829b25e1,MichaelColbath,2026-04-24,17:06:26,-07:00,2026-04-24T17:06:26-07:00,0,0
global.js,42,js,829b25e1,MichaelColbath,2026-04-24,17:06:26,-07:00,2026-04-24T17:06:26-07:00,0,31
global.js,43,js,829b25e1,MichaelColbath,2026-04-24,17:06:26,-07:00,2026-04-24T17:06:26-07:00,1,11
global.js,44,js,829b25e1,MichaelColbath,2026-04-24,17:06:26,-07:00,2026-04-24T17:06:26-07:00,1,0
global.js,45,js,829b25e1,MichaelColbath,2026-04-24,17:06:26,-07:00,2026-04-24T17:06:26-07:00,0,26
global.js,46,js,829b25e1,MichaelColbath,2026-04-24,17:06:26,-07:00,2026-04-24T17:06:26-07:00,0,4
global.js,47,js,829b25e1,MichaelColbath,2026-04-24,17:06:26,-07:00,2026-04-24T17:06:26-07:00,0,6
global.js,48,js,829b25e1,MichaelColbath,2026-04-24,17:06:26,-07:00,2026-04-24T17:06:26-07:00,3,49
global.js,49,js,829b25e1,MichaelColbath,2026-04-24,17:06:26,-07:00,2026-04-24T17:06:26-07:00,0,40
global.js,50,js,829b25e1,MichaelColbath,2026-04-24,17:06:26,-07:00,2026-04-24T17:06:26-07:00,3,38
global.js,51,js,829b25e1,MichaelColbath,2026-04-24,17:06:26,-07:00,2026-04-24T17:06:26-07:00,0,7
global.js,52,js,829b25e1,MichaelColbath,2026-04-24,17:06:26,-07:00,2026-04-24T17:06:26-07:00,0,8
global.js,53,js,829b25e1,MichaelColbath,2026-04-24,17:06:26,-07:00,2026-04-24T17:06:26-07:00,0,0
global.js,54,js,829b25e1,MichaelColbath,2026-04-24,17:06:26,-07:00,2026-04-24T17:06:26-07:00,0,0
global.js,55,js,829b25e1,MichaelColbath,2026-04-24,17:06:26,-07:00,2026-04-24T17:06:26-07:00,0,44
global.js,56,js,829b25e1,MichaelColbath,2026-04-24,17:06:26,-07:00,2026-04-24T17:06:26-07:00,0,0
global.js,57,js,829b25e1,MichaelColbath,2026-04-24,17:06:26,-07:00,2026-04-24T17:06:26-07:00,0,30
global.js,58,js,829b25e1,MichaelColbath,2026-04-24,17:06:26,-07:00,2026-04-24T17:06:26-07:00,1,64
global.js,59,js,829b25e1,MichaelColbath,2026-04-24,17:06:26,-07:00,2026-04-24T17:06:26-07:00,0,0
global.js,60,js,829b25e1,MichaelColbath,2026-04-24,17:06:26,-07:00,2026-04-24T17:06:26-07:00,0,0
global.js,61,js,829b25e1,MichaelColbath,2026-04-24,17:06:26,-07:00,2026-04-24T17:06:26-07:00,0,49
global.js,62,js,829b25e1,MichaelColbath,2026-04-24,17:06:26,-07:00,2026-04-24T17:06:26-07:00,1,57
global.js,63,js,829b25e1,MichaelColbath,2026-04-24,17:06:26,-07:00,2026-04-24T17:06:26-07:00,1,33
global.js,64,js,829b25e1,MichaelColbath,2026-04-24,17:06:26,-07:00,2026-04-24T17:06:26-07:00,1,44
global.js,65,js,829b25e1,MichaelColbath,2026-04-24,17:06:26,-07:00,2026-04-24T17:06:26-07:00,0,1
global.js,66,js,829b25e1,MichaelColbath,2026-04-24,17:06:26,-07:00,2026-04-24T17:06:26-07:00,0,0
global.js,67,js,829b25e1,MichaelColbath,2026-04-24,17:06:26,-07:00,2026-04-24T17:06:26-07:00,0,43
global.js,68,js,829b25e1,MichaelColbath,2026-04-24,17:06:26,-07:00,2026-04-24T17:06:26-07:00,1,29
global.js,69,js,829b25e1,MichaelColbath,2026-04-24,17:06:26,-07:00,2026-04-24T17:06:26-07:00,2,39
global.js,70,js,829b25e1,MichaelColbath,2026-04-24,17:06:26,-07:00,2026-04-24T17:06:26-07:00,2,38
global.js,71,js,829b25e1,MichaelColbath,2026-04-24,17:06:26,-07:00,2026-04-24T17:06:26-07:00,1,0
global.js,72,js,829b25e1,MichaelColbath,2026-04-24,17:06:26,-07:00,2026-04-24T17:06:26-07:00,0,1
global.js,73,js,829b25e1,MichaelColbath,2026-04-24,17:06:26,-07:00,2026-04-24T17:06:26-07:00,0,0
global.js,74,js,829b25e1,MichaelColbath,2026-04-24,17:06:26,-07:00,2026-04-24T17:06:26-07:00,0,40
global.js,75,js,829b25e1,MichaelColbath,2026-04-24,17:06:26,-07:00,2026-04-24T17:06:26-07:00,0,0
global.js,76,js,829b25e1,MichaelColbath,2026-04-24,17:06:26,-07:00,2026-04-24T17:06:26-07:00,0,49
global.js,77,js,829b25e1,MichaelColbath,2026-04-24,17:06:26,-07:00,2026-04-24T17:06:26-07:00,1,30
global.js,78,js,9b015cd2,MichaelColbath,2026-04-24,17:12:34,-07:00,2026-04-24T17:12:34-07:00,1,26
global.js,79,js,829b25e1,MichaelColbath,2026-04-24,17:06:26,-07:00,2026-04-24T17:06:26-07:00,1,31
global.js,80,js,9b015cd2,MichaelColbath,2026-04-24,17:12:34,-07:00,2026-04-24T17:12:34-07:00,2,35
global.js,81,js,829b25e1,MichaelColbath,2026-04-24,17:06:26,-07:00,2026-04-24T17:06:26-07:00,2,23
global.js,82,js,829b25e1,MichaelColbath,2026-04-24,17:06:26,-07:00,2026-04-24T17:06:26-07:00,1,0
global.js,83,js,9b015cd2,MichaelColbath,2026-04-24,17:12:34,-07:00,2026-04-24T17:12:34-07:00,1,37
global.js,84,js,829b25e1,MichaelColbath,2026-04-24,17:06:26,-07:00,2026-04-24T17:06:26-07:00,1,14
global.js,85,js,829b25e1,MichaelColbath,2026-04-24,17:06:26,-07:00,2026-04-24T17:06:26-07:00,1,18
global.js,86,js,829b25e1,MichaelColbath,2026-04-24,17:06:26,-07:00,2026-04-24T17:06:26-07:00,1,15
global.js,87,js,829b25e1,MichaelColbath,2026-04-24,17:06:26,-07:00,2026-04-24T17:06:26-07:00,0,0
global.js,88,js,8d4f3ad7,MichaelColbath,2026-04-29,17:31:39,-07:00,2026-04-29T17:31:39-07:00,0,0
global.js,89,js,8d4f3ad7,MichaelColbath,2026-04-29,17:31:39,-07:00,2026-04-29T17:31:39-07:00,0,36
global.js,90,js,8d4f3ad7,MichaelColbath,2026-04-29,17:31:39,-07:00,2026-04-29T17:31:39-07:00,1,3
global.js,91,js,8d4f3ad7,MichaelColbath,2026-04-29,17:31:39,-07:00,2026-04-29T17:31:39-07:00,2,39
global.js,92,js,8d4f3ad7,MichaelColbath,2026-04-29,17:31:39,-07:00,2026-04-29T17:31:39-07:00,2,32
global.js,93,js,8d4f3ad7,MichaelColbath,2026-04-29,17:31:39,-07:00,2026-04-29T17:31:39-07:00,2,17
global.js,94,js,8d4f3ad7,MichaelColbath,2026-04-29,17:31:39,-07:00,2026-04-29T17:31:39-07:00,3,66
global.js,95,js,8d4f3ad7,MichaelColbath,2026-04-29,17:31:39,-07:00,2026-04-29T17:31:39-07:00,2,0
global.js,96,js,8d4f3ad7,MichaelColbath,2026-04-29,17:31:39,-07:00,2026-04-29T17:31:39-07:00,2,33
global.js,97,js,8d4f3ad7,MichaelColbath,2026-04-29,17:31:39,-07:00,2026-04-29T17:31:39-07:00,2,10
global.js,98,js,8d4f3ad7,MichaelColbath,2026-04-29,17:31:39,-07:00,2026-04-29T17:31:39-07:00,1,15
global.js,99,js,8d4f3ad7,MichaelColbath,2026-04-29,17:31:39,-07:00,2026-04-29T17:31:39-07:00,2,59
global.js,100,js,8d4f3ad7,MichaelColbath,2026-04-29,17:31:39,-07:00,2026-04-29T17:31:39-07:00,1,0
global.js,101,js,08e3e4a1,MichaelColbath,2026-04-29,18:03:17,-07:00,2026-04-29T18:03:17-07:00,0,0
global.js,102,js,08e3e4a1,MichaelColbath,2026-04-29,18:03:17,-07:00,2026-04-29T18:03:17-07:00,0,0
global.js,103,js,a2a83f86,MichaelColbath,2026-04-29,18:59:41,-07:00,2026-04-29T18:59:41-07:00,0,79
global.js,104,js,0bb5ba2d,MichaelColbath,2026-05-01,19:14:09,-07:00,2026-05-01T19:14:09-07:00,1,27
global.js,105,js,0bb5ba2d,MichaelColbath,2026-05-01,19:14:09,-07:00,2026-05-01T19:14:09-07:00,1,0
global.js,106,js,0bb5ba2d,MichaelColbath,2026-05-01,19:14:09,-07:00,2026-05-01T19:14:09-07:00,2,30
global.js,107,js,0bb5ba2d,MichaelColbath,2026-05-01,19:14:09,-07:00,2026-05-01T19:14:09-07:00,1,0
global.js,108,js,0bb5ba2d,MichaelColbath,2026-05-01,19:14:09,-07:00,2026-05-01T19:14:09-07:00,1,0
global.js,109,js,0286c65c,MichaelColbath,2026-04-29,18:13:54,-07:00,2026-04-29T18:13:54-07:00,1,27
global.js,110,js,0286c65c,MichaelColbath,2026-04-29,18:13:54,-07:00,2026-04-29T18:13:54-07:00,1,0
global.js,111,js,0286c65c,MichaelColbath,2026-04-29,18:13:54,-07:00,2026-04-29T18:13:54-07:00,2,48
global.js,112,js,a2a83f86,MichaelColbath,2026-04-29,18:59:41,-07:00,2026-04-29T18:59:41-07:00,2,52
global.js,113,js,0bb5ba2d,MichaelColbath,2026-05-01,19:14:09,-07:00,2026-05-01T19:14:09-07:00,0,0
global.js,114,js,a2a83f86,MichaelColbath,2026-04-29,18:59:41,-07:00,2026-04-29T18:59:41-07:00,2,17
global.js,115,js,a2a83f86,MichaelColbath,2026-04-29,18:59:41,-07:00,2026-04-29T18:59:41-07:00,2,0
global.js,116,js,a2a83f86,MichaelColbath,2026-04-29,18:59:41,-07:00,2026-04-29T18:59:41-07:00,3,30
global.js,117,js,a2a83f86,MichaelColbath,2026-04-29,18:59:41,-07:00,2026-04-29T18:59:41-07:00,2,0
global.js,118,js,a2a83f86,MichaelColbath,2026-04-29,18:59:41,-07:00,2026-04-29T18:59:41-07:00,2,17
global.js,119,js,a2a83f86,MichaelColbath,2026-04-29,18:59:41,-07:00,2026-04-29T18:59:41-07:00,2,0
global.js,120,js,a2a83f86,MichaelColbath,2026-04-29,18:59:41,-07:00,2026-04-29T18:59:41-07:00,3,70
global.js,121,js,a2a83f86,MichaelColbath,2026-04-29,18:59:41,-07:00,2026-04-29T18:59:41-07:00,2,0
global.js,122,js,a2a83f86,MichaelColbath,2026-04-29,18:59:41,-07:00,2026-04-29T18:59:41-07:00,2,23
global.js,123,js,a2a83f86,MichaelColbath,2026-04-29,18:59:41,-07:00,2026-04-29T18:59:41-07:00,2,0
global.js,124,js,a2a83f86,MichaelColbath,2026-04-29,18:59:41,-07:00,2026-04-29T18:59:41-07:00,3,47
global.js,125,js,a2a83f86,MichaelColbath,2026-04-29,18:59:41,-07:00,2026-04-29T18:59:41-07:00,2,0
global.js,126,js,a2a83f86,MichaelColbath,2026-04-29,18:59:41,-07:00,2026-04-29T18:59:41-07:00,2,35
global.js,127,js,a2a83f86,MichaelColbath,2026-04-29,18:59:41,-07:00,2026-04-29T18:59:41-07:00,2,0
global.js,128,js,a2a83f86,MichaelColbath,2026-04-29,18:59:41,-07:00,2026-04-29T18:59:41-07:00,3,18
global.js,129,js,a2a83f86,MichaelColbath,2026-04-29,18:59:41,-07:00,2026-04-29T18:59:41-07:00,2,0
global.js,130,js,0286c65c,MichaelColbath,2026-04-29,18:13:54,-07:00,2026-04-29T18:13:54-07:00,2,19
global.js,131,js,a2a83f86,MichaelColbath,2026-04-29,18:59:41,-07:00,2026-04-29T18:59:41-07:00,3,65
global.js,132,js,882182dc,MichaelColbath,2026-04-29,20:02:36,-07:00,2026-04-29T20:02:36-07:00,3,69
global.js,133,js,882182dc,MichaelColbath,2026-04-29,20:02:36,-07:00,2026-04-29T20:02:36-07:00,3,51
global.js,134,js,0bb5ba2d,MichaelColbath,2026-05-01,19:14:09,-07:00,2026-05-01T19:14:09-07:00,3,36
global.js,135,js,0286c65c,MichaelColbath,2026-04-29,18:13:54,-07:00,2026-04-29T18:13:54-07:00,2,0
global.js,136,js,0286c65c,MichaelColbath,2026-04-29,18:13:54,-07:00,2026-04-29T18:13:54-07:00,2,36
global.js,137,js,0286c65c,MichaelColbath,2026-04-29,18:13:54,-07:00,2026-04-29T18:13:54-07:00,1,0
global.js,138,js,1293372b,MichaelColbath,2026-04-29,18:05:52,-07:00,2026-04-29T18:05:52-07:00,0,0
global.js,139,js,a2a83f86,MichaelColbath,2026-04-29,18:59:41,-07:00,2026-04-29T18:59:41-07:00,0,0
global.js,140,js,a7aff8bc,MichaelColbath,2026-04-29,19:08:08,-07:00,2026-04-29T19:08:08-07:00,0,47
global.js,141,js,a7aff8bc,MichaelColbath,2026-04-29,19:08:08,-07:00,2026-04-29T19:08:08-07:00,1,59
global.js,142,js,a7aff8bc,MichaelColbath,2026-04-29,19:08:08,-07:00,2026-04-29T19:08:08-07:00,0,0
global.js,143,js,a7aff8bc,MichaelColbath,2026-04-29,19:08:08,-07:00,2026-04-29T19:08:08-07:00,0,0
resume\index.html,1,html,829b25e1,MichaelColbath,2026-04-24,17:06:26,-07:00,2026-04-24T17:06:26-07:00,0,13
resume\index.html,2,html,829b25e1,MichaelColbath,2026-04-24,17:06:26,-07:00,2026-04-24T17:06:26-07:00,0,14
resume\index.html,3,html,829b25e1,MichaelColbath,2026-04-24,17:06:26,-07:00,2026-04-24T17:06:26-07:00,0,4
resume\index.html,4,html,829b25e1,MichaelColbath,2026-04-24,17:06:26,-07:00,2026-04-24T17:06:26-07:00,2,20
resume\index.html,5,html,829b25e1,MichaelColbath,2026-04-24,17:06:26,-07:00,2026-04-24T17:06:26-07:00,2,68
resume\index.html,6,html,829b25e1,MichaelColbath,2026-04-24,17:06:26,-07:00,2026-04-24T17:06:26-07:00,2,19
resume\index.html,7,html,829b25e1,MichaelColbath,2026-04-24,17:06:26,-07:00,2026-04-24T17:06:26-07:00,2,41
resume\index.html,8,html,829b25e1,MichaelColbath,2026-04-24,17:06:26,-07:00,2026-04-24T17:06:26-07:00,2,48
resume\index.html,9,html,829b25e1,MichaelColbath,2026-04-24,17:06:26,-07:00,2026-04-24T17:06:26-07:00,0,5
resume\index.html,10,html,829b25e1,MichaelColbath,2026-04-24,17:06:26,-07:00,2026-04-24T17:06:26-07:00,0,4
resume\index.html,11,html,829b25e1,MichaelColbath,2026-04-24,17:06:26,-07:00,2026-04-24T17:06:26-07:00,2,13
resume\index.html,12,html,829b25e1,MichaelColbath,2026-04-24,17:06:26,-07:00,2026-04-24T17:06:26-07:00,2,7
resume\index.html,13,html,829b25e1,MichaelColbath,2026-04-24,17:06:26,-07:00,2026-04-24T17:06:26-07:00,4,20
resume\index.html,14,html,829b25e1,MichaelColbath,2026-04-24,17:06:26,-07:00,2026-04-24T17:06:26-07:00,4,230
resume\index.html,15,html,829b25e1,MichaelColbath,2026-04-24,17:06:26,-07:00,2026-04-24T17:06:26-07:00,2,8
resume\index.html,16,html,829b25e1,MichaelColbath,2026-04-24,17:06:26,-07:00,2026-04-24T17:06:26-07:00,2,7
resume\index.html,17,html,829b25e1,MichaelColbath,2026-04-24,17:06:26,-07:00,2026-04-24T17:06:26-07:00,4,13
resume\index.html,18,html,829b25e1,MichaelColbath,2026-04-24,17:06:26,-07:00,2026-04-24T17:06:26-07:00,4,2
resume\index.html,19,html,829b25e1,MichaelColbath,2026-04-24,17:06:26,-07:00,2026-04-24T17:06:26-07:00,6,64
resume\index.html,20,html,829b25e1,MichaelColbath,2026-04-24,17:06:26,-07:00,2026-04-24T17:06:26-07:00,6,32
resume\index.html,21,html,829b25e1,MichaelColbath,2026-04-24,17:06:26,-07:00,2026-04-24T17:06:26-07:00,6,31
resume\index.html,22,html,829b25e1,MichaelColbath,2026-04-24,17:06:26,-07:00,2026-04-24T17:06:26-07:00,6,87
resume\index.html,23,html,829b25e1,MichaelColbath,2026-04-24,17:06:26,-07:00,2026-04-24T17:06:26-07:00,6,138
resume\index.html,24,html,829b25e1,MichaelColbath,2026-04-24,17:06:26,-07:00,2026-04-24T17:06:26-07:00,6,44
resume\index.html,25,html,829b25e1,MichaelColbath,2026-04-24,17:06:26,-07:00,2026-04-24T17:06:26-07:00,4,3
resume\index.html,26,html,829b25e1,MichaelColbath,2026-04-24,17:06:26,-07:00,2026-04-24T17:06:26-07:00,2,8
resume\index.html,27,html,829b25e1,MichaelColbath,2026-04-24,17:06:26,-07:00,2026-04-24T17:06:26-07:00,2,7
resume\index.html,28,html,829b25e1,MichaelColbath,2026-04-24,17:06:26,-07:00,2026-04-24T17:06:26-07:00,4,19
resume\index.html,29,html,829b25e1,MichaelColbath,2026-04-24,17:06:26,-07:00,2026-04-24T17:06:26-07:00,4,24
resume\index.html,30,html,829b25e1,MichaelColbath,2026-04-24,17:06:26,-07:00,2026-04-24T17:06:26-07:00,6,22
resume\index.html,31,html,829b25e1,MichaelColbath,2026-04-24,17:06:26,-07:00,2026-04-24T17:06:26-07:00,8,19
resume\index.html,32,html,829b25e1,MichaelColbath,2026-04-24,17:06:26,-07:00,2026-04-24T17:06:26-07:00,8,17
resume\index.html,33,html,829b25e1,MichaelColbath,2026-04-24,17:06:26,-07:00,2026-04-24T17:06:26-07:00,8,17
resume\index.html,34,html,829b25e1,MichaelColbath,2026-04-24,17:06:26,-07:00,2026-04-24T17:06:26-07:00,8,17
resume\index.html,35,html,829b25e1,MichaelColbath,2026-04-24,17:06:26,-07:00,2026-04-24T17:06:26-07:00,8,16
resume\index.html,36,html,829b25e1,MichaelColbath,2026-04-24,17:06:26,-07:00,2026-04-24T17:06:26-07:00,6,8
resume\index.html,37,html,829b25e1,MichaelColbath,2026-04-24,17:06:26,-07:00,2026-04-24T17:06:26-07:00,6,7
resume\index.html,38,html,829b25e1,MichaelColbath,2026-04-24,17:06:26,-07:00,2026-04-24T17:06:26-07:00,8,43
resume\index.html,39,html,829b25e1,MichaelColbath,2026-04-24,17:06:26,-07:00,2026-04-24T17:06:26-07:00,8,43
resume\index.html,40,html,829b25e1,MichaelColbath,2026-04-24,17:06:26,-07:00,2026-04-24T17:06:26-07:00,8,13
resume\index.html,41,html,829b25e1,MichaelColbath,2026-04-24,17:06:26,-07:00,2026-04-24T17:06:26-07:00,8,32
resume\index.html,42,html,829b25e1,MichaelColbath,2026-04-24,17:06:26,-07:00,2026-04-24T17:06:26-07:00,8,130
resume\index.html,43,html,829b25e1,MichaelColbath,2026-04-24,17:06:26,-07:00,2026-04-24T17:06:26-07:00,6,8
resume\index.html,44,html,829b25e1,MichaelColbath,2026-04-24,17:06:26,-07:00,2026-04-24T17:06:26-07:00,6,7
resume\index.html,45,html,829b25e1,MichaelColbath,2026-04-24,17:06:26,-07:00,2026-04-24T17:06:26-07:00,8,43
resume\index.html,46,html,829b25e1,MichaelColbath,2026-04-24,17:06:26,-07:00,2026-04-24T17:06:26-07:00,8,40
resume\index.html,47,html,829b25e1,MichaelColbath,2026-04-24,17:06:26,-07:00,2026-04-24T17:06:26-07:00,8,22
resume\index.html,48,html,829b25e1,MichaelColbath,2026-04-24,17:06:26,-07:00,2026-04-24T17:06:26-07:00,8,19
resume\index.html,49,html,829b25e1,MichaelColbath,2026-04-24,17:06:26,-07:00,2026-04-24T17:06:26-07:00,8,102
resume\index.html,50,html,829b25e1,MichaelColbath,2026-04-24,17:06:26,-07:00,2026-04-24T17:06:26-07:00,6,8
resume\index.html,51,html,829b25e1,MichaelColbath,2026-04-24,17:06:26,-07:00,2026-04-24T17:06:26-07:00,4,4
resume\index.html,52,html,829b25e1,MichaelColbath,2026-04-24,17:06:26,-07:00,2026-04-24T17:06:26-07:00,2,8
resume\index.html,53,html,829b25e1,MichaelColbath,2026-04-24,17:06:26,-07:00,2026-04-24T17:06:26-07:00,0,5
resume\index.html,54,html,829b25e1,MichaelColbath,2026-04-24,17:06:26,-07:00,2026-04-24T17:06:26-07:00,0,5
projects\projects.js,1,js,0286c65c,MichaelColbath,2026-04-29,18:13:54,-07:00,2026-04-29T18:13:54-07:00,0,55
projects\projects.js,2,js,0bb5ba2d,MichaelColbath,2026-05-01,19:14:09,-07:00,2026-05-01T19:14:09-07:00,0,63
projects\projects.js,3,js,8d4f3ad7,MichaelColbath,2026-04-29,17:31:39,-07:00,2026-04-29T17:31:39-07:00,0,0
projects\projects.js,4,js,0286c65c,MichaelColbath,2026-04-29,18:13:54,-07:00,2026-04-29T18:13:54-07:00,0,55
projects\projects.js,5,js,8d4f3ad7,MichaelColbath,2026-04-29,17:31:39,-07:00,2026-04-29T17:31:39-07:00,0,0
projects\projects.js,6,js,0286c65c,MichaelColbath,2026-04-29,18:13:54,-07:00,2026-04-29T18:13:54-07:00,0,60
projects\projects.js,7,js,0286c65c,MichaelColbath,2026-04-29,18:13:54,-07:00,2026-04-29T18:13:54-07:00,0,0
projects\projects.js,8,js,0bb5ba2d,MichaelColbath,2026-05-01,19:14:09,-07:00,2026-05-01T19:14:09-07:00,0,48
projects\projects.js,9,js,a2a83f86,MichaelColbath,2026-04-29,18:59:41,-07:00,2026-04-29T18:59:41-07:00,0,0
projects\projects.js,10,js,0bb5ba2d,MichaelColbath,2026-05-01,19:14:09,-07:00,2026-05-01T19:14:09-07:00,0,6
projects\projects.js,11,js,0bb5ba2d,MichaelColbath,2026-05-01,19:14:09,-07:00,2026-05-01T19:14:09-07:00,0,13
projects\projects.js,12,js,0bb5ba2d,MichaelColbath,2026-05-01,19:14:09,-07:00,2026-05-01T19:14:09-07:00,0,53
projects\projects.js,13,js,0bb5ba2d,MichaelColbath,2026-05-01,19:14:09,-07:00,2026-05-01T19:14:09-07:00,0,49
projects\projects.js,14,js,0bb5ba2d,MichaelColbath,2026-05-01,19:14:09,-07:00,2026-05-01T19:14:09-07:00,1,19
projects\projects.js,15,js,0bb5ba2d,MichaelColbath,2026-05-01,19:14:09,-07:00,2026-05-01T19:14:09-07:00,1,25
projects\projects.js,16,js,0bb5ba2d,MichaelColbath,2026-05-01,19:14:09,-07:00,2026-05-01T19:14:09-07:00,1,16
projects\projects.js,17,js,0bb5ba2d,MichaelColbath,2026-05-01,19:14:09,-07:00,2026-05-01T19:14:09-07:00,1,51
projects\projects.js,18,js,0bb5ba2d,MichaelColbath,2026-05-01,19:14:09,-07:00,2026-05-01T19:14:09-07:00,2,59
projects\projects.js,19,js,0bb5ba2d,MichaelColbath,2026-05-01,19:14:09,-07:00,2026-05-01T19:14:09-07:00,2,42
projects\projects.js,20,js,0bb5ba2d,MichaelColbath,2026-05-01,19:14:09,-07:00,2026-05-01T19:14:09-07:00,1,1
projects\projects.js,21,js,0bb5ba2d,MichaelColbath,2026-05-01,19:14:09,-07:00,2026-05-01T19:14:09-07:00,1,25
projects\projects.js,22,js,0bb5ba2d,MichaelColbath,2026-05-01,19:14:09,-07:00,2026-05-01T19:14:09-07:00,0,0
projects\projects.js,23,js,0bb5ba2d,MichaelColbath,2026-05-01,19:14:09,-07:00,2026-05-01T19:14:09-07:00,1,56
projects\projects.js,24,js,0bb5ba2d,MichaelColbath,2026-05-01,19:14:09,-07:00,2026-05-01T19:14:09-07:00,1,31
projects\projects.js,25,js,0bb5ba2d,MichaelColbath,2026-05-01,19:14:09,-07:00,2026-05-01T19:14:09-07:00,0,1
projects\projects.js,26,js,0bb5ba2d,MichaelColbath,2026-05-01,19:14:09,-07:00,2026-05-01T19:14:09-07:00,0,0
projects\projects.js,27,js,0bb5ba2d,MichaelColbath,2026-05-01,19:14:09,-07:00,2026-05-01T19:14:09-07:00,0,0
projects\projects.js,28,js,0bb5ba2d,MichaelColbath,2026-05-01,19:14:09,-07:00,2026-05-01T19:14:09-07:00,0,19
projects\projects.js,29,js,0bb5ba2d,MichaelColbath,2026-05-01,19:14:09,-07:00,2026-05-01T19:14:09-07:00,0,0
projects\projects.js,30,js,0bb5ba2d,MichaelColbath,2026-05-01,19:14:09,-07:00,2026-05-01T19:14:09-07:00,0,38
projects\projects.js,31,js,0bb5ba2d,MichaelColbath,2026-05-01,19:14:09,-07:00,2026-05-01T19:14:09-07:00,2,25
projects\projects.js,32,js,0bb5ba2d,MichaelColbath,2026-05-01,19:14:09,-07:00,2026-05-01T19:14:09-07:00,2,29
projects\projects.js,33,js,0bb5ba2d,MichaelColbath,2026-05-01,19:14:09,-07:00,2026-05-01T19:14:09-07:00,4,12
projects\projects.js,34,js,0bb5ba2d,MichaelColbath,2026-05-01,19:14:09,-07:00,2026-05-01T19:14:09-07:00,4,14
projects\projects.js,35,js,0bb5ba2d,MichaelColbath,2026-05-01,19:14:09,-07:00,2026-05-01T19:14:09-07:00,4,12
projects\projects.js,36,js,0bb5ba2d,MichaelColbath,2026-05-01,19:14:09,-07:00,2026-05-01T19:14:09-07:00,2,0
projects\projects.js,37,js,0bb5ba2d,MichaelColbath,2026-05-01,19:14:09,-07:00,2026-05-01T19:14:09-07:00,2,18
projects\projects.js,38,js,0bb5ba2d,MichaelColbath,2026-05-01,19:14:09,-07:00,2026-05-01T19:14:09-07:00,2,50
projects\projects.js,39,js,540babb4,MichaelColbath,2026-05-01,19:27:38,-07:00,2026-05-01T19:27:38-07:00,4,35
projects\projects.js,40,js,0bb5ba2d,MichaelColbath,2026-05-01,19:14:09,-07:00,2026-05-01T19:14:09-07:00,2,1
projects\projects.js,41,js,0bb5ba2d,MichaelColbath,2026-05-01,19:14:09,-07:00,2026-05-01T19:14:09-07:00,2,57
projects\projects.js,42,js,0bb5ba2d,MichaelColbath,2026-05-01,19:14:09,-07:00,2026-05-01T19:14:09-07:00,2,50
projects\projects.js,43,js,0bb5ba2d,MichaelColbath,2026-05-01,19:14:09,-07:00,2026-05-01T19:14:09-07:00,2,53
projects\projects.js,44,js,0bb5ba2d,MichaelColbath,2026-05-01,19:14:09,-07:00,2026-05-01T19:14:09-07:00,2,42
projects\projects.js,45,js,0bb5ba2d,MichaelColbath,2026-05-01,19:14:09,-07:00,2026-05-01T19:14:09-07:00,2,51
projects\projects.js,46,js,0bb5ba2d,MichaelColbath,2026-05-01,19:14:09,-07:00,2026-05-01T19:14:09-07:00,2,33
projects\projects.js,47,js,0bb5ba2d,MichaelColbath,2026-05-01,19:14:09,-07:00,2026-05-01T19:14:09-07:00,2,32
projects\projects.js,48,js,0bb5ba2d,MichaelColbath,2026-05-01,19:14:09,-07:00,2026-05-01T19:14:09-07:00,2,28
projects\projects.js,49,js,90543881,MichaelColbath,2026-05-01,19:57:19,-07:00,2026-05-01T19:57:19-07:00,2,47
projects\projects.js,50,js,90543881,MichaelColbath,2026-05-01,19:57:19,-07:00,2026-05-01T19:57:19-07:00,0,0
projects\projects.js,51,js,0bb5ba2d,MichaelColbath,2026-05-01,19:14:09,-07:00,2026-05-01T19:14:09-07:00,2,32
projects\projects.js,52,js,0bb5ba2d,MichaelColbath,2026-05-01,19:14:09,-07:00,2026-05-01T19:14:09-07:00,2,14
projects\projects.js,53,js,0bb5ba2d,MichaelColbath,2026-05-01,19:14:09,-07:00,2026-05-01T19:14:09-07:00,2,53
projects\projects.js,54,js,90543881,MichaelColbath,2026-05-01,19:57:19,-07:00,2026-05-01T19:57:19-07:00,2,0
projects\projects.js,55,js,0bb5ba2d,MichaelColbath,2026-05-01,19:14:09,-07:00,2026-05-01T19:14:09-07:00,2,29
projects\projects.js,56,js,0bb5ba2d,MichaelColbath,2026-05-01,19:14:09,-07:00,2026-05-01T19:14:09-07:00,2,61
projects\projects.js,57,js,0bb5ba2d,MichaelColbath,2026-05-01,19:14:09,-07:00,2026-05-01T19:14:09-07:00,2,1
projects\projects.js,58,js,0bb5ba2d,MichaelColbath,2026-05-01,19:14:09,-07:00,2026-05-01T19:14:09-07:00,0,0
projects\projects.js,59,js,90543881,MichaelColbath,2026-05-01,19:57:19,-07:00,2026-05-01T19:57:19-07:00,0,0
projects\projects.js,60,js,0bb5ba2d,MichaelColbath,2026-05-01,19:14:09,-07:00,2026-05-01T19:14:09-07:00,2,27
projects\projects.js,61,js,0bb5ba2d,MichaelColbath,2026-05-01,19:14:09,-07:00,2026-05-01T19:14:09-07:00,2,4
projects\projects.js,62,js,0bb5ba2d,MichaelColbath,2026-05-01,19:14:09,-07:00,2026-05-01T19:14:09-07:00,2,11
projects\projects.js,63,js,0bb5ba2d,MichaelColbath,2026-05-01,19:14:09,-07:00,2026-05-01T19:14:09-07:00,2,93
projects\projects.js,64,js,0bb5ba2d,MichaelColbath,2026-05-01,19:14:09,-07:00,2026-05-01T19:14:09-07:00,2,32
projects\projects.js,65,js,0bb5ba2d,MichaelColbath,2026-05-01,19:14:09,-07:00,2026-05-01T19:14:09-07:00,2,99
projects\projects.js,66,js,0bb5ba2d,MichaelColbath,2026-05-01,19:14:09,-07:00,2026-05-01T19:14:09-07:00,2,1
projects\projects.js,67,js,0bb5ba2d,MichaelColbath,2026-05-01,19:14:09,-07:00,2026-05-01T19:14:09-07:00,0,0
projects\projects.js,68,js,0bb5ba2d,MichaelColbath,2026-05-01,19:14:09,-07:00,2026-05-01T19:14:09-07:00,0,23
projects\projects.js,69,js,0bb5ba2d,MichaelColbath,2026-05-01,19:14:09,-07:00,2026-05-01T19:14:09-07:00,0,0
projects\projects.js,70,js,540babb4,MichaelColbath,2026-05-01,19:27:38,-07:00,2026-05-01T19:27:38-07:00,0,48
projects\projects.js,71,js,540babb4,MichaelColbath,2026-05-01,19:27:38,-07:00,2026-05-01T19:27:38-07:00,1,25
projects\projects.js,72,js,540babb4,MichaelColbath,2026-05-01,19:27:38,-07:00,2026-05-01T19:27:38-07:00,1,51
projects\projects.js,73,js,540babb4,MichaelColbath,2026-05-01,19:27:38,-07:00,2026-05-01T19:27:38-07:00,2,59
projects\projects.js,74,js,540babb4,MichaelColbath,2026-05-01,19:27:38,-07:00,2026-05-01T19:27:38-07:00,2,42
projects\projects.js,75,js,540babb4,MichaelColbath,2026-05-01,19:27:38,-07:00,2026-05-01T19:27:38-07:00,1,1
projects\projects.js,76,js,0bb5ba2d,MichaelColbath,2026-05-01,19:14:09,-07:00,2026-05-01T19:14:09-07:00,1,52
projects\projects.js,77,js,540babb4,MichaelColbath,2026-05-01,19:27:38,-07:00,2026-05-01T19:27:38-07:00,1,56
projects\projects.js,78,js,0bb5ba2d,MichaelColbath,2026-05-01,19:14:09,-07:00,2026-05-01T19:14:09-07:00,1,31
projects\projects.js,79,js,540babb4,MichaelColbath,2026-05-01,19:27:38,-07:00,2026-05-01T19:27:38-07:00,1,12
projects\projects.js,80,js,540babb4,MichaelColbath,2026-05-01,19:27:38,-07:00,2026-05-01T19:27:38-07:00,0,1
projects\projects.js,81,js,540babb4,MichaelColbath,2026-05-01,19:27:38,-07:00,2026-05-01T19:27:38-07:00,0,0
projects\projects.js,82,js,540babb4,MichaelColbath,2026-05-01,19:27:38,-07:00,2026-05-01T19:27:38-07:00,0,12
projects\projects.js,83,js,540babb4,MichaelColbath,2026-05-01,19:27:38,-07:00,2026-05-01T19:27:38-07:00,0,0
projects\projects.js,84,js,540babb4,MichaelColbath,2026-05-01,19:27:38,-07:00,2026-05-01T19:27:38-07:00,0,23
projects\projects.js,85,js,540babb4,MichaelColbath,2026-05-01,19:27:38,-07:00,2026-05-01T19:27:38-07:00,2,39
projects\projects.js,86,js,540babb4,MichaelColbath,2026-05-01,19:27:38,-07:00,2026-05-01T19:27:38-07:00,2,59
projects\projects.js,87,js,540babb4,MichaelColbath,2026-05-01,19:27:38,-07:00,2026-05-01T19:27:38-07:00,2,33
projects\projects.js,88,js,90543881,MichaelColbath,2026-05-01,19:57:19,-07:00,2026-05-01T19:57:19-07:00,0,0
projects\projects.js,89,js,90543881,MichaelColbath,2026-05-01,19:57:19,-07:00,2026-05-01T19:57:19-07:00,0,0
projects\projects.js,90,js,90543881,MichaelColbath,2026-05-01,19:57:19,-07:00,2026-05-01T19:57:19-07:00,0,21
projects\projects.js,91,js,90543881,MichaelColbath,2026-05-01,19:57:19,-07:00,2026-05-01T19:57:19-07:00,0,8
projects\projects.js,92,js,90543881,MichaelColbath,2026-05-01,19:57:19,-07:00,2026-05-01T19:57:19-07:00,0,0
projects\projects.js,93,js,90543881,MichaelColbath,2026-05-01,19:57:19,-07:00,2026-05-01T19:57:19-07:00,0,29
projects\projects.js,94,js,90543881,MichaelColbath,2026-05-01,19:57:19,-07:00,2026-05-01T19:57:19-07:00,2,7
projects\projects.js,95,js,90543881,MichaelColbath,2026-05-01,19:57:19,-07:00,2026-05-01T19:57:19-07:00,2,14
projects\projects.js,96,js,90543881,MichaelColbath,2026-05-01,19:57:19,-07:00,2026-05-01T19:57:19-07:00,2,12
projects\projects.js,97,js,90543881,MichaelColbath,2026-05-01,19:57:19,-07:00,2026-05-01T19:57:19-07:00,0,0
projects\projects.js,98,js,90543881,MichaelColbath,2026-05-01,19:57:19,-07:00,2026-05-01T19:57:19-07:00,0,18
projects\projects.js,99,js,90543881,MichaelColbath,2026-05-01,19:57:19,-07:00,2026-05-01T19:57:19-07:00,0,50
projects\projects.js,100,js,90543881,MichaelColbath,2026-05-01,19:57:19,-07:00,2026-05-01T19:57:19-07:00,2,35
projects\projects.js,101,js,90543881,MichaelColbath,2026-05-01,19:57:19,-07:00,2026-05-01T19:57:19-07:00,0,1
projects\projects.js,102,js,90543881,MichaelColbath,2026-05-01,19:57:19,-07:00,2026-05-01T19:57:19-07:00,0,57
projects\projects.js,103,js,90543881,MichaelColbath,2026-05-01,19:57:19,-07:00,2026-05-01T19:57:19-07:00,0,0
projects\projects.js,104,js,90543881,MichaelColbath,2026-05-01,19:57:19,-07:00,2026-05-01T19:57:19-07:00,0,53
projects\projects.js,105,js,90543881,MichaelColbath,2026-05-01,19:57:19,-07:00,2026-05-01T19:57:19-07:00,0,42
projects\projects.js,106,js,90543881,MichaelColbath,2026-05-01,19:57:19,-07:00,2026-05-01T19:57:19-07:00,0,51
projects\projects.js,107,js,90543881,MichaelColbath,2026-05-01,19:57:19,-07:00,2026-05-01T19:57:19-07:00,0,47
projects\projects.js,108,js,90543881,MichaelColbath,2026-05-01,19:57:19,-07:00,2026-05-01T19:57:19-07:00,0,0
projects\index.html,1,html,829b25e1,MichaelColbath,2026-04-24,17:06:26,-07:00,2026-04-24T17:06:26-07:00,0,13
projects\index.html,2,html,829b25e1,MichaelColbath,2026-04-24,17:06:26,-07:00,2026-04-24T17:06:26-07:00,0,14
projects\index.html,3,html,829b25e1,MichaelColbath,2026-04-24,17:06:26,-07:00,2026-04-24T17:06:26-07:00,0,4
projects\index.html,4,html,829b25e1,MichaelColbath,2026-04-24,17:06:26,-07:00,2026-04-24T17:06:26-07:00,2,20
projects\index.html,5,html,829b25e1,MichaelColbath,2026-04-24,17:06:26,-07:00,2026-04-24T17:06:26-07:00,2,68
projects\index.html,6,html,829b25e1,MichaelColbath,2026-04-24,17:06:26,-07:00,2026-04-24T17:06:26-07:00,2,21
projects\index.html,7,html,829b25e1,MichaelColbath,2026-04-24,17:06:26,-07:00,2026-04-24T17:06:26-07:00,2,41
projects\index.html,8,html,829b25e1,MichaelColbath,2026-04-24,17:06:26,-07:00,2026-04-24T17:06:26-07:00,2,48
projects\index.html,9,html,08e3e4a1,MichaelColbath,2026-04-29,18:03:17,-07:00,2026-04-29T18:03:17-07:00,2,47
projects\index.html,10,html,829b25e1,MichaelColbath,2026-04-24,17:06:26,-07:00,2026-04-24T17:06:26-07:00,0,5
projects\index.html,11,html,829b25e1,MichaelColbath,2026-04-24,17:06:26,-07:00,2026-04-24T17:06:26-07:00,0,4
projects\index.html,12,html,a2a83f86,MichaelColbath,2026-04-29,18:59:41,-07:00,2026-04-29T18:59:41-07:00,2,38
projects\index.html,13,html,90543881,MichaelColbath,2026-05-01,19:57:19,-07:00,2026-05-01T19:57:19-07:00,2,21
projects\index.html,14,html,90543881,MichaelColbath,2026-05-01,19:57:19,-07:00,2026-05-01T19:57:19-07:00,4,58
projects\index.html,15,html,90543881,MichaelColbath,2026-05-01,19:57:19,-07:00,2026-05-01T19:57:19-07:00,4,22
projects\index.html,16,html,90543881,MichaelColbath,2026-05-01,19:57:19,-07:00,2026-05-01T19:57:19-07:00,2,4
projects\index.html,17,html,0bb5ba2d,MichaelColbath,2026-05-01,19:14:09,-07:00,2026-05-01T19:14:09-07:00,2,4
projects\index.html,18,html,0bb5ba2d,MichaelColbath,2026-05-01,19:14:09,-07:00,2026-05-01T19:14:09-07:00,4,15
projects\index.html,19,html,0bb5ba2d,MichaelColbath,2026-05-01,19:14:09,-07:00,2026-05-01T19:14:09-07:00,4,11
projects\index.html,20,html,0bb5ba2d,MichaelColbath,2026-05-01,19:14:09,-07:00,2026-05-01T19:14:09-07:00,4,26
projects\index.html,21,html,0bb5ba2d,MichaelColbath,2026-05-01,19:14:09,-07:00,2026-05-01T19:14:09-07:00,4,31
projects\index.html,22,html,0bb5ba2d,MichaelColbath,2026-05-01,19:14:09,-07:00,2026-05-01T19:14:09-07:00,2,0
projects\index.html,23,html,8d37f2b5,MichaelColbath,2026-04-29,19:23:01,-07:00,2026-04-29T19:23:01-07:00,2,26
projects\index.html,24,html,829b25e1,MichaelColbath,2026-04-24,17:06:26,-07:00,2026-04-24T17:06:26-07:00,0,5
projects\index.html,25,html,829b25e1,MichaelColbath,2026-04-24,17:06:26,-07:00,2026-04-24T17:06:26-07:00,0,5
contact\index.html,1,html,829b25e1,MichaelColbath,2026-04-24,17:06:26,-07:00,2026-04-24T17:06:26-07:00,0,13
contact\index.html,2,html,829b25e1,MichaelColbath,2026-04-24,17:06:26,-07:00,2026-04-24T17:06:26-07:00,0,14
contact\index.html,3,html,829b25e1,MichaelColbath,2026-04-24,17:06:26,-07:00,2026-04-24T17:06:26-07:00,0,4
contact\index.html,4,html,829b25e1,MichaelColbath,2026-04-24,17:06:26,-07:00,2026-04-24T17:06:26-07:00,2,20
contact\index.html,5,html,829b25e1,MichaelColbath,2026-04-24,17:06:26,-07:00,2026-04-24T17:06:26-07:00,2,68
contact\index.html,6,html,829b25e1,MichaelColbath,2026-04-24,17:06:26,-07:00,2026-04-24T17:06:26-07:00,2,20
contact\index.html,7,html,829b25e1,MichaelColbath,2026-04-24,17:06:26,-07:00,2026-04-24T17:06:26-07:00,2,41
contact\index.html,8,html,829b25e1,MichaelColbath,2026-04-24,17:06:26,-07:00,2026-04-24T17:06:26-07:00,2,48
contact\index.html,9,html,829b25e1,MichaelColbath,2026-04-24,17:06:26,-07:00,2026-04-24T17:06:26-07:00,0,5
contact\index.html,10,html,829b25e1,MichaelColbath,2026-04-24,17:06:26,-07:00,2026-04-24T17:06:26-07:00,0,4
contact\index.html,11,html,829b25e1,MichaelColbath,2026-04-24,17:06:26,-07:00,2026-04-24T17:06:26-07:00,2,14
contact\index.html,12,html,829b25e1,MichaelColbath,2026-04-24,17:06:26,-07:00,2026-04-24T17:06:26-07:00,2,51
contact\index.html,13,html,829b25e1,MichaelColbath,2026-04-24,17:06:26,-07:00,2026-04-24T17:06:26-07:00,4,58
contact\index.html,14,html,829b25e1,MichaelColbath,2026-04-24,17:06:26,-07:00,2026-04-24T17:06:26-07:00,4,63
contact\index.html,15,html,829b25e1,MichaelColbath,2026-04-24,17:06:26,-07:00,2026-04-24T17:06:26-07:00,4,21
contact\index.html,16,html,829b25e1,MichaelColbath,2026-04-24,17:06:26,-07:00,2026-04-24T17:06:26-07:00,2,5
contact\index.html,17,html,829b25e1,MichaelColbath,2026-04-24,17:06:26,-07:00,2026-04-24T17:06:26-07:00,0,5
contact\index.html,18,html,829b25e1,MichaelColbath,2026-04-24,17:06:26,-07:00,2026-04-24T17:06:26-07:00,0,5
